#Accession,Release_Date,Species,Length,Geo_Location,Host,Isolation_Source,Collection_Date
NC_045512,2020-01-13T00:00:00Z,Severe acute respiratory syndrome-related coronavirus,29903,China,Homo sapiens,,2019-12-27
MT263381,2020-03-31T00:00:00Z,Severe acute respiratory syndrome-related coronavirus,29910,USA,Homo sapiens,,2020-03-23
MT263382,2020-03-31T00:00:00Z,Severe acute respiratory syndrome-related coronavirus,29900,USA,Homo sapiens,,2020-03-23
MT263383,2020-03-31T00:00:00Z,Severe acute respiratory syndrome-related coronavirus,29797,USA,Homo sapiens,,2020-03-24
MT263384,2020-03-31T00:00:00Z,Severe acute respiratory syndrome-related coronavirus,29793,USA,Homo sapiens,,2020-03-23
MT263386,2020-03-31T00:00:00Z,Severe acute respiratory syndrome-related coronavirus,29808,USA,Homo sapiens,,2020-03-22
MT263387,2020-03-31T00:00:00Z,Severe acute respiratory syndrome-related coronavirus,29852,USA,Homo sapiens,,2020-03-23
MT263388,2020-03-31T00:00:00Z,Severe acute respiratory syndrome-related coronavirus,29740,USA,Homo sapiens,,2020-03-23
MT263390,2020-03-31T00:00:00Z,Severe acute respiratory syndrome-related coronavirus,29761,USA,Homo sapiens,,2020-03-24
MT263391,2020-03-31T00:00:00Z,Severe acute respiratory syndrome-related coronavirus,29911,USA,Homo sapiens,,2020-03-24
MT263392,2020-03-31T00:00:00Z,Severe acute respiratory syndrome-related coronavirus,29843,USA,Homo sapiens,,2020-03-24
MT263394,2020-03-31T00:00:00Z,Severe acute respiratory syndrome-related coronavirus,29697,USA,Homo sapiens,,2020-03-22
MT263395,2020-03-31T00:00:00Z,Severe acute respiratory syndrome-related coronavirus,29904,USA,Homo sapiens,,2020-03-24
MT263396,2020-03-31T00:00:00Z,Severe acute respiratory syndrome-related coronavirus,29903,USA,Homo sapiens,,2020-03-22
MT263398,2020-03-31T00:00:00Z,Severe acute respiratory syndrome-related coronavirus,29884,USA,Homo sapiens,,2020-03-24
MT263399,2020-03-31T00:00:00Z,Severe acute respiratory syndrome-related coronavirus,29886,USA,Homo sapiens,,2020-03-24
MT263400,2020-03-31T00:00:00Z,Severe acute respiratory syndrome-related coronavirus,29841,USA,Homo sapiens,,2020-03-23
MT263441,2020-03-31T00:00:00Z,Severe acute respiratory syndrome-related coronavirus,29793,USA,Homo sapiens,,2020-03-24
MT263442,2020-03-31T00:00:00Z,Severe acute respiratory syndrome-related coronavirus,29819,USA,Homo sapiens,,2020-03-24
MT263443,2020-03-31T00:00:00Z,Severe acute respiratory syndrome-related coronavirus,29869,USA,Homo sapiens,,2020-03-24
MT263444,2020-03-31T00:00:00Z,Severe acute respiratory syndrome-related coronavirus,29857,USA,Homo sapiens,,2020-03-20
MT263445,2020-03-31T00:00:00Z,Severe acute respiratory syndrome-related coronavirus,29868,USA,Homo sapiens,,2020-03-24
MT263446,2020-03-31T00:00:00Z,Severe acute respiratory syndrome-related coronavirus,29872,USA,Homo sapiens,,2020-03-24
MT263447,2020-03-31T00:00:00Z,Severe acute respiratory syndrome-related coronavirus,29868,USA,Homo sapiens,,2020-03-14
MT263448,2020-03-31T00:00:00Z,Severe acute respiratory syndrome-related coronavirus,29828,USA,Homo sapiens,,2020-03-24
MT263449,2020-03-31T00:00:00Z,Severe acute respiratory syndrome-related coronavirus,29828,USA,Homo sapiens,,2020-03-24
MT263450,2020-03-31T00:00:00Z,Severe acute respiratory syndrome-related coronavirus,29841,USA,Homo sapiens,,2020-03-24
MT263451,2020-03-31T00:00:00Z,Severe acute respiratory syndrome-related coronavirus,29693,USA,Homo sapiens,,2020-03-24
MT263452,2020-03-31T00:00:00Z,Severe acute respiratory syndrome-related coronavirus,29833,USA,Homo sapiens,,2020-03-24
MT263453,2020-03-31T00:00:00Z,Severe acute respiratory syndrome-related coronavirus,29777,USA,Homo sapiens,,2020-03-24
MT263454,2020-03-31T00:00:00Z,Severe acute respiratory syndrome-related coronavirus,29837,USA,Homo sapiens,,2020-03-24
MT263455,2020-03-31T00:00:00Z,Severe acute respiratory syndrome-related coronavirus,29705,USA,Homo sapiens,,2020-03-24
MT263456,2020-03-31T00:00:00Z,Severe acute respiratory syndrome-related coronavirus,29775,USA,Homo sapiens,,2020-03-24
MT263457,2020-03-31T00:00:00Z,Severe acute respiratory syndrome-related coronavirus,29801,USA,Homo sapiens,,2020-03-24
MT263458,2020-03-31T00:00:00Z,Severe acute respiratory syndrome-related coronavirus,29881,USA,Homo sapiens,,2020-03-23
MT263408,2020-03-31T00:00:00Z,Severe acute respiratory syndrome-related coronavirus,29810,USA,Homo sapiens,,2020-03-24
MT263410,2020-03-31T00:00:00Z,Severe acute respiratory syndrome-related coronavirus,29871,USA,Homo sapiens,,2020-03-24
MT263411,2020-03-31T00:00:00Z,Severe acute respiratory syndrome-related coronavirus,29866,USA,Homo sapiens,,2020-03-24
MT263414,2020-03-31T00:00:00Z,Severe acute respiratory syndrome-related coronavirus,29830,USA,Homo sapiens,,2020-03-24
MT263416,2020-03-31T00:00:00Z,Severe acute respiratory syndrome-related coronavirus,29815,USA,Homo sapiens,,2020-03-21
MT263417,2020-03-31T00:00:00Z,Severe acute respiratory syndrome-related coronavirus,29871,USA,Homo sapiens,,2020-03-24
MT263419,2020-03-31T00:00:00Z,Severe acute respiratory syndrome-related coronavirus,29853,USA,Homo sapiens,,2020-03-20
MT263422,2020-03-31T00:00:00Z,Severe acute respiratory syndrome-related coronavirus,29837,USA,Homo sapiens,,2020-03-24
MT263424,2020-03-31T00:00:00Z,Severe acute respiratory syndrome-related coronavirus,29830,USA,Homo sapiens,,2020-03-24
MT263425,2020-03-31T00:00:00Z,Severe acute respiratory syndrome-related coronavirus,29841,USA,Homo sapiens,,2020-03-24
MT263428,2020-03-31T00:00:00Z,Severe acute respiratory syndrome-related coronavirus,29778,USA,Homo sapiens,,2020-03-24
MT263430,2020-03-31T00:00:00Z,Severe acute respiratory syndrome-related coronavirus,29838,USA,Homo sapiens,,2020-03-24
MT263431,2020-03-31T00:00:00Z,Severe acute respiratory syndrome-related coronavirus,29863,USA,Homo sapiens,,2020-03-24
MT263432,2020-03-31T00:00:00Z,Severe acute respiratory syndrome-related coronavirus,29866,USA,Homo sapiens,,2020-03-24
MT263434,2020-03-31T00:00:00Z,Severe acute respiratory syndrome-related coronavirus,29790,USA,Homo sapiens,,2020-03-24
MT263435,2020-03-31T00:00:00Z,Severe acute respiratory syndrome-related coronavirus,29882,USA,Homo sapiens,,2020-03-24
MT263436,2020-03-31T00:00:00Z,Severe acute respiratory syndrome-related coronavirus,29846,USA,Homo sapiens,,2020-03-24
MT263438,2020-03-31T00:00:00Z,Severe acute respiratory syndrome-related coronavirus,29872,USA,Homo sapiens,,2020-03-24
MT263459,2020-03-31T00:00:00Z,Severe acute respiratory syndrome-related coronavirus,29917,USA,Homo sapiens,,2020-03-24
MT263462,2020-03-31T00:00:00Z,Severe acute respiratory syndrome-related coronavirus,29764,USA,Homo sapiens,,2020-03-23
MT263468,2020-03-31T00:00:00Z,Severe acute respiratory syndrome-related coronavirus,29892,USA,Homo sapiens,,2020-03-23
MT263402,2020-03-31T00:00:00Z,Severe acute respiratory syndrome-related coronavirus,29844,USA,Homo sapiens,,2020-03-23
MT263403,2020-03-31T00:00:00Z,Severe acute respiratory syndrome-related coronavirus,29878,USA,Homo sapiens,,2020-03-20
MT263404,2020-03-31T00:00:00Z,Severe acute respiratory syndrome-related coronavirus,29866,USA,Homo sapiens,,2020-03-24
MT263405,2020-03-31T00:00:00Z,Severe acute respiratory syndrome-related coronavirus,29834,USA,Homo sapiens,,2020-03-21
MT263406,2020-03-31T00:00:00Z,Severe acute respiratory syndrome-related coronavirus,29887,USA,Homo sapiens,,2020-03-21
MT263412,2020-03-31T00:00:00Z,Severe acute respiratory syndrome-related coronavirus,29829,USA,Homo sapiens,,2020-03-22
MT263413,2020-03-31T00:00:00Z,Severe acute respiratory syndrome-related coronavirus,29862,USA,Homo sapiens,,2020-03-24
MT263415,2020-03-31T00:00:00Z,Severe acute respiratory syndrome-related coronavirus,29840,USA,Homo sapiens,,2020-03-24
MT263418,2020-03-31T00:00:00Z,Severe acute respiratory syndrome-related coronavirus,29876,USA,Homo sapiens,,2020-03-24
MT263420,2020-03-31T00:00:00Z,Severe acute respiratory syndrome-related coronavirus,29839,USA,Homo sapiens,,2020-03-20
MT263421,2020-03-31T00:00:00Z,Severe acute respiratory syndrome-related coronavirus,29900,USA,Homo sapiens,,2020-03-24
MT263423,2020-03-31T00:00:00Z,Severe acute respiratory syndrome-related coronavirus,29829,USA,Homo sapiens,,2020-03-23
MT263426,2020-03-31T00:00:00Z,Severe acute respiratory syndrome-related coronavirus,29792,USA,Homo sapiens,,2020-03-24
MT263429,2020-03-31T00:00:00Z,Severe acute respiratory syndrome-related coronavirus,29889,USA,Homo sapiens,,2020-03-24
MT263433,2020-03-31T00:00:00Z,Severe acute respiratory syndrome-related coronavirus,29853,USA,Homo sapiens,,2020-03-24
MT263437,2020-03-31T00:00:00Z,Severe acute respiratory syndrome-related coronavirus,29871,USA,Homo sapiens,,2020-03-24
MT263439,2020-03-31T00:00:00Z,Severe acute respiratory syndrome-related coronavirus,29863,USA,Homo sapiens,,2020-03-24
MT263440,2020-03-31T00:00:00Z,Severe acute respiratory syndrome-related coronavirus,29863,USA,Homo sapiens,,2020-03-24
MT263463,2020-03-31T00:00:00Z,Severe acute respiratory syndrome-related coronavirus,29868,USA,Homo sapiens,,2020-03-23
MT263464,2020-03-31T00:00:00Z,Severe acute respiratory syndrome-related coronavirus,29832,USA,Homo sapiens,,2020-03-23
MT263465,2020-03-31T00:00:00Z,Severe acute respiratory syndrome-related coronavirus,29867,USA,Homo sapiens,,2020-03-23
MT263467,2020-03-31T00:00:00Z,Severe acute respiratory syndrome-related coronavirus,29853,USA,Homo sapiens,,2020-03-23
MT263469,2020-03-31T00:00:00Z,Severe acute respiratory syndrome-related coronavirus,29857,USA,Homo sapiens,,2020-03-23
MT262896,2020-03-31T00:00:00Z,Severe acute respiratory syndrome-related coronavirus,29882,USA,Homo sapiens,,2020-03-13
MT262897,2020-03-31T00:00:00Z,Severe acute respiratory syndrome-related coronavirus,29882,USA,Homo sapiens,,2020-03-13
MT262898,2020-03-31T00:00:00Z,Severe acute respiratory syndrome-related coronavirus,29882,USA,Homo sapiens,,2020-03-13
MT262899,2020-03-31T00:00:00Z,Severe acute respiratory syndrome-related coronavirus,29882,USA,Homo sapiens,,2020-03-13
MT262900,2020-03-31T00:00:00Z,Severe acute respiratory syndrome-related coronavirus,29882,USA,Homo sapiens,,2020-03-13
MT262901,2020-03-31T00:00:00Z,Severe acute respiratory syndrome-related coronavirus,29882,USA,Homo sapiens,,2020-03-13
MT262902,2020-03-31T00:00:00Z,Severe acute respiratory syndrome-related coronavirus,29882,USA,Homo sapiens,,2020-03-13
MT262903,2020-03-31T00:00:00Z,Severe acute respiratory syndrome-related coronavirus,29882,USA,Homo sapiens,,2020-03-13
MT262904,2020-03-31T00:00:00Z,Severe acute respiratory syndrome-related coronavirus,29882,USA,Homo sapiens,,2020-03-13
MT262905,2020-03-31T00:00:00Z,Severe acute respiratory syndrome-related coronavirus,29882,USA,Homo sapiens,,2020-03-13
MT262906,2020-03-31T00:00:00Z,Severe acute respiratory syndrome-related coronavirus,29882,USA,Homo sapiens,,2020-03-13
MT262911,2020-03-31T00:00:00Z,Severe acute respiratory syndrome-related coronavirus,29882,USA,Homo sapiens,,2020-03-13
MT262912,2020-03-31T00:00:00Z,Severe acute respiratory syndrome-related coronavirus,29882,USA,Homo sapiens,,2020-03-13
MT262913,2020-03-31T00:00:00Z,Severe acute respiratory syndrome-related coronavirus,29882,USA,Homo sapiens,,2020-03-13
MT262993,2020-03-31T00:00:00Z,Severe acute respiratory syndrome-related coronavirus,29836,Pakistan,Homo sapiens,oronasopharynx,2020-03-12
MT263074,2020-03-31T00:00:00Z,Severe acute respiratory syndrome-related coronavirus,29856,Peru,Homo sapiens,,2020-03-10
MT262908,2020-03-31T00:00:00Z,Severe acute respiratory syndrome-related coronavirus,29882,USA,Homo sapiens,,2020-03-13
MT262909,2020-03-31T00:00:00Z,Severe acute respiratory syndrome-related coronavirus,29882,USA,Homo sapiens,,2020-03-13
MT262910,2020-03-31T00:00:00Z,Severe acute respiratory syndrome-related coronavirus,29882,USA,Homo sapiens,,2020-03-13
MT262907,2020-03-31T00:00:00Z,Severe acute respiratory syndrome-related coronavirus,29882,USA,Homo sapiens,,2020-03-13
MT262916,2020-03-31T00:00:00Z,Severe acute respiratory syndrome-related coronavirus,29882,USA,Homo sapiens,,2020-03-13
MT262915,2020-03-31T00:00:00Z,Severe acute respiratory syndrome-related coronavirus,29882,USA,Homo sapiens,,2020-03-13
MT262914,2020-03-31T00:00:00Z,Severe acute respiratory syndrome-related coronavirus,29882,USA,Homo sapiens,,2020-03-13
MT259235,2020-03-30T00:00:00Z,Severe acute respiratory syndrome-related coronavirus,29751,USA,Homo sapiens,,2020-03-13
MT259236,2020-03-30T00:00:00Z,Severe acute respiratory syndrome-related coronavirus,29883,USA,Homo sapiens,,2020-03-16
MT259239,2020-03-30T00:00:00Z,Severe acute respiratory syndrome-related coronavirus,29583,USA,Homo sapiens,,2020-03-16
MT259249,2020-03-30T00:00:00Z,Severe acute respiratory syndrome-related coronavirus,29821,USA,Homo sapiens,,2020-03-13
MT259261,2020-03-30T00:00:00Z,Severe acute respiratory syndrome-related coronavirus,29837,USA,Homo sapiens,,2020-03-16
MT259280,2020-03-30T00:00:00Z,Severe acute respiratory syndrome-related coronavirus,29642,USA,Homo sapiens,,2020-03-15
MT259282,2020-03-30T00:00:00Z,Severe acute respiratory syndrome-related coronavirus,29815,USA,Homo sapiens,,2020-03-15
MT259243,2020-03-30T00:00:00Z,Severe acute respiratory syndrome-related coronavirus,29757,USA,Homo sapiens,,2020-03-13
MT259245,2020-03-30T00:00:00Z,Severe acute respiratory syndrome-related coronavirus,29826,USA,Homo sapiens,,2020-03-15
MT259248,2020-03-30T00:00:00Z,Severe acute respiratory syndrome-related coronavirus,29879,USA,Homo sapiens,,2020-03-14
MT259254,2020-03-30T00:00:00Z,Severe acute respiratory syndrome-related coronavirus,29887,USA,Homo sapiens,,2020-03-16
MT259256,2020-03-30T00:00:00Z,Severe acute respiratory syndrome-related coronavirus,29833,USA,Homo sapiens,,2020-03-13
MT259258,2020-03-30T00:00:00Z,Severe acute respiratory syndrome-related coronavirus,29657,USA,Homo sapiens,,2020-03-13
MT259264,2020-03-30T00:00:00Z,Severe acute respiratory syndrome-related coronavirus,29836,USA,Homo sapiens,,2020-03-13
MT259277,2020-03-30T00:00:00Z,Severe acute respiratory syndrome-related coronavirus,29881,USA,Homo sapiens,,2020-03-15
MT259284,2020-03-30T00:00:00Z,Severe acute respiratory syndrome-related coronavirus,29432,USA,Homo sapiens,,2020-03-15
MT259285,2020-03-30T00:00:00Z,Severe acute respiratory syndrome-related coronavirus,29831,USA,Homo sapiens,,2020-03-15
MT258377,2020-03-30T00:00:00Z,Severe acute respiratory syndrome-related coronavirus,29888,USA,Homo sapiens,,2020-03-18
MT259237,2020-03-30T00:00:00Z,Severe acute respiratory syndrome-related coronavirus,29864,USA,Homo sapiens,,2020-03-16
MT259251,2020-03-30T00:00:00Z,Severe acute respiratory syndrome-related coronavirus,29884,USA,Homo sapiens,,2020-03-14
MT259281,2020-03-30T00:00:00Z,Severe acute respiratory syndrome-related coronavirus,29839,USA,Homo sapiens,,2020-03-15
MT259260,2020-03-30T00:00:00Z,Severe acute respiratory syndrome-related coronavirus,29871,USA,Homo sapiens,,2020-03-16
MT259269,2020-03-30T00:00:00Z,Severe acute respiratory syndrome-related coronavirus,29894,USA,Homo sapiens,,2020-03-14
MT258380,2020-03-30T00:00:00Z,Severe acute respiratory syndrome-related coronavirus,29890,USA,Homo sapiens,,2020-03-18
MT259250,2020-03-30T00:00:00Z,Severe acute respiratory syndrome-related coronavirus,29702,USA,Homo sapiens,,2020-03-14
MT259271,2020-03-30T00:00:00Z,Severe acute respiratory syndrome-related coronavirus,29864,USA,Homo sapiens,,2020-03-15
MT258381,2020-03-30T00:00:00Z,Severe acute respiratory syndrome-related coronavirus,29899,USA,Homo sapiens,,2020-03-18
MT258382,2020-03-30T00:00:00Z,Severe acute respiratory syndrome-related coronavirus,29885,USA,Homo sapiens,,2020-03-18
MT258383,2020-03-30T00:00:00Z,Severe acute respiratory syndrome-related coronavirus,29887,USA,Homo sapiens,,2020-03-18
MT258379,2020-03-30T00:00:00Z,Severe acute respiratory syndrome-related coronavirus,29892,USA,Homo sapiens,,2020-03-18
MT259244,2020-03-30T00:00:00Z,Severe acute respiratory syndrome-related coronavirus,29865,USA,Homo sapiens,,2020-03-16
MT259246,2020-03-30T00:00:00Z,Severe acute respiratory syndrome-related coronavirus,29842,USA,Homo sapiens,,2020-03-13
MT259253,2020-03-30T00:00:00Z,Severe acute respiratory syndrome-related coronavirus,29813,USA,Homo sapiens,,2020-03-16
MT259267,2020-03-30T00:00:00Z,Severe acute respiratory syndrome-related coronavirus,29852,USA,Homo sapiens,,2020-03-14
MT259273,2020-03-30T00:00:00Z,Severe acute respiratory syndrome-related coronavirus,29892,USA,Homo sapiens,,2020-03-15
MT259274,2020-03-30T00:00:00Z,Severe acute respiratory syndrome-related coronavirus,29779,USA,Homo sapiens,,2020-03-14
MT259275,2020-03-30T00:00:00Z,Severe acute respiratory syndrome-related coronavirus,29841,USA,Homo sapiens,,2020-03-14
MT259286,2020-03-30T00:00:00Z,Severe acute respiratory syndrome-related coronavirus,29857,USA,Homo sapiens,,2020-03-15
MT259287,2020-03-30T00:00:00Z,Severe acute respiratory syndrome-related coronavirus,29688,USA,Homo sapiens,,2020-03-15
MT258378,2020-03-30T00:00:00Z,Severe acute respiratory syndrome-related coronavirus,29892,USA,Homo sapiens,,2020-03-18
MT259241,2020-03-30T00:00:00Z,Severe acute respiratory syndrome-related coronavirus,29682,USA,Homo sapiens,,2020-03-16
MT259247,2020-03-30T00:00:00Z,Severe acute respiratory syndrome-related coronavirus,29646,USA,Homo sapiens,,2020-03-16
MT259252,2020-03-30T00:00:00Z,Severe acute respiratory syndrome-related coronavirus,29790,USA,Homo sapiens,,2020-03-14
MT259257,2020-03-30T00:00:00Z,Severe acute respiratory syndrome-related coronavirus,29868,USA,Homo sapiens,,2020-03-16
MT259263,2020-03-30T00:00:00Z,Severe acute respiratory syndrome-related coronavirus,29878,USA,Homo sapiens,,2020-03-13
MT259266,2020-03-30T00:00:00Z,Severe acute respiratory syndrome-related coronavirus,29776,USA,Homo sapiens,,2020-03-13
MT259268,2020-03-30T00:00:00Z,Severe acute respiratory syndrome-related coronavirus,29759,USA,Homo sapiens,,2020-03-13
MT259278,2020-03-30T00:00:00Z,Severe acute respiratory syndrome-related coronavirus,29897,USA,Homo sapiens,,2020-03-15
MT259226,2020-03-30T00:00:00Z,Severe acute respiratory syndrome-related coronavirus,29868,China,Homo sapiens,oronasopharynx,2020-01-10
MT259227,2020-03-30T00:00:00Z,Severe acute respiratory syndrome-related coronavirus,29863,China,Homo sapiens,oronasopharynx,2020-01-26
MT259228,2020-03-30T00:00:00Z,Severe acute respiratory syndrome-related coronavirus,29861,China,Homo sapiens,oronasopharynx,2020-01-26
MT259229,2020-03-30T00:00:00Z,Severe acute respiratory syndrome-related coronavirus,29864,China,Homo sapiens,oronasopharynx,2020-01-26
MT259230,2020-03-30T00:00:00Z,Severe acute respiratory syndrome-related coronavirus,29866,China,Homo sapiens,oronasopharynx,2020-01-25
MT259231,2020-03-30T00:00:00Z,Severe acute respiratory syndrome-related coronavirus,29865,China,Homo sapiens,oronasopharynx,2020-01-25
MT253704,2020-03-27T00:00:00Z,Severe acute respiratory syndrome-related coronavirus,29781,China,Homo sapiens,lung-oronasopharynx,2020-01-25
MT251973,2020-03-27T00:00:00Z,Severe acute respiratory syndrome-related coronavirus,29871,USA,Homo sapiens,,2020-03-14
MT251976,2020-03-27T00:00:00Z,Severe acute respiratory syndrome-related coronavirus,29899,USA,Homo sapiens,,2020-03-14
MT251977,2020-03-27T00:00:00Z,Severe acute respiratory syndrome-related coronavirus,29829,USA,Homo sapiens,,2020-03-14
MT251978,2020-03-27T00:00:00Z,Severe acute respiratory syndrome-related coronavirus,29905,USA,Homo sapiens,,2020-03-14
MT251979,2020-03-27T00:00:00Z,Severe acute respiratory syndrome-related coronavirus,29839,USA,Homo sapiens,,2020-03-14
MT251980,2020-03-27T00:00:00Z,Severe acute respiratory syndrome-related coronavirus,29845,USA,Homo sapiens,,2020-03-13
MT253696,2020-03-27T00:00:00Z,Severe acute respiratory syndrome-related coronavirus,29781,China,Homo sapiens,lung-oronasopharynx,2020-01-23
MT253697,2020-03-27T00:00:00Z,Severe acute respiratory syndrome-related coronavirus,29781,China,Homo sapiens,lung-oronasopharynx,2020-01-23
MT253698,2020-03-27T00:00:00Z,Severe acute respiratory syndrome-related coronavirus,29781,China,Homo sapiens,lung-oronasopharnyx,2020-01-23
MT253699,2020-03-27T00:00:00Z,Severe acute respiratory syndrome-related coronavirus,29781,China,Homo sapiens,lung-oronasopharnyx,2020-01-24
MT253700,2020-03-27T00:00:00Z,Severe acute respiratory syndrome-related coronavirus,29781,China,Homo sapiens,lung-oronasopharnyx,2020-01-25
MT253701,2020-03-27T00:00:00Z,Severe acute respiratory syndrome-related coronavirus,29781,China,Homo sapiens,lung-oronasopharnyx,2020-01-21
MT253702,2020-03-27T00:00:00Z,Severe acute respiratory syndrome-related coronavirus,29781,China,Homo sapiens,lung-oronasopharnyx,2020-01-21
MT253703,2020-03-27T00:00:00Z,Severe acute respiratory syndrome-related coronavirus,29781,China,Homo sapiens,lung-oronasopharnyx,2020-01-25
MT253705,2020-03-27T00:00:00Z,Severe acute respiratory syndrome-related coronavirus,29781,China,Homo sapiens,lung-oronasopharnyx,2020-01-22
MT253707,2020-03-27T00:00:00Z,Severe acute respiratory syndrome-related coronavirus,29781,China,Homo sapiens,lung-oronasopharnyx,2020-01-25
MT253708,2020-03-27T00:00:00Z,Severe acute respiratory syndrome-related coronavirus,29781,China,Homo sapiens,lung-oronasopharnyx,2020-01-21
MT253706,2020-03-27T00:00:00Z,Severe acute respiratory syndrome-related coronavirus,29781,China,Homo sapiens,lung-oronasopharnyx,2020-01-22
MT251972,2020-03-27T00:00:00Z,Severe acute respiratory syndrome-related coronavirus,29861,USA,Homo sapiens,,2020-03-14
MT251974,2020-03-27T00:00:00Z,Severe acute respiratory syndrome-related coronavirus,29852,USA,Homo sapiens,,2020-03-12
MT251975,2020-03-27T00:00:00Z,Severe acute respiratory syndrome-related coronavirus,29875,USA,Homo sapiens,,2020-03-14
MT253709,2020-03-27T00:00:00Z,Severe acute respiratory syndrome-related coronavirus,29781,China,Homo sapiens,lung-oronasopharnyx,2020-01-21
MT253710,2020-03-27T00:00:00Z,Severe acute respiratory syndrome-related coronavirus,29781,China,Homo sapiens,lung-oronasopharnyx,2020-01-21
MT246473,2020-03-26T00:00:00Z,Severe acute respiratory syndrome-related coronavirus,29825,USA,Homo sapiens,,2020-03-14
MT246474,2020-03-26T00:00:00Z,Severe acute respiratory syndrome-related coronavirus,29884,USA,Homo sapiens,,2020-03-14
MT246475,2020-03-26T00:00:00Z,Severe acute respiratory syndrome-related coronavirus,29877,USA,Homo sapiens,,2020-03-13
MT246468,2020-03-26T00:00:00Z,Severe acute respiratory syndrome-related coronavirus,29843,USA,Homo sapiens,,2020-03-14
MT246469,2020-03-26T00:00:00Z,Severe acute respiratory syndrome-related coronavirus,29869,USA,Homo sapiens,,2020-03-14
MT246470,2020-03-26T00:00:00Z,Severe acute respiratory syndrome-related coronavirus,29860,USA,Homo sapiens,,2020-03-13
MT246471,2020-03-26T00:00:00Z,Severe acute respiratory syndrome-related coronavirus,29871,USA,Homo sapiens,,2020-03-14
MT246472,2020-03-26T00:00:00Z,Severe acute respiratory syndrome-related coronavirus,29810,USA,Homo sapiens,,2020-03-12
MT246486,2020-03-26T00:00:00Z,Severe acute respiratory syndrome-related coronavirus,29867,USA,Homo sapiens,,2020-03-14
MT246487,2020-03-26T00:00:00Z,Severe acute respiratory syndrome-related coronavirus,29883,USA,Homo sapiens,,2020-03-15
MT246484,2020-03-26T00:00:00Z,Severe acute respiratory syndrome-related coronavirus,29870,USA,Homo sapiens,,2020-03-15
MT246485,2020-03-26T00:00:00Z,Severe acute respiratory syndrome-related coronavirus,29775,USA,Homo sapiens,,2020-03-15
MT246482,2020-03-26T00:00:00Z,Severe acute respiratory syndrome-related coronavirus,29844,USA,Homo sapiens,,2020-03-15
MT246457,2020-03-26T00:00:00Z,Severe acute respiratory syndrome-related coronavirus,29843,USA,Homo sapiens,,2020-03-12
MT246460,2020-03-26T00:00:00Z,Severe acute respiratory syndrome-related coronavirus,29917,USA,Homo sapiens,,2020-03-12
MT246462,2020-03-26T00:00:00Z,Severe acute respiratory syndrome-related coronavirus,29903,USA,Homo sapiens,,2020-03-13
MT233526,2020-03-26T00:00:00Z,Severe acute respiratory syndrome-related coronavirus,29847,USA,Homo sapiens,oronasopharynx,2020-01-19
MT246449,2020-03-26T00:00:00Z,Severe acute respiratory syndrome-related coronavirus,29828,USA,Homo sapiens,,2020-03-13
MT246450,2020-03-26T00:00:00Z,Severe acute respiratory syndrome-related coronavirus,29872,USA,Homo sapiens,,2020-03-13
MT246451,2020-03-26T00:00:00Z,Severe acute respiratory syndrome-related coronavirus,29868,USA,Homo sapiens,,2020-03-13
MT246452,2020-03-26T00:00:00Z,Severe acute respiratory syndrome-related coronavirus,29888,USA,Homo sapiens,,2020-03-13
MT246453,2020-03-26T00:00:00Z,Severe acute respiratory syndrome-related coronavirus,29823,USA,Homo sapiens,,2020-03-13
MT246454,2020-03-26T00:00:00Z,Severe acute respiratory syndrome-related coronavirus,29892,USA,Homo sapiens,,2020-03-12
MT246455,2020-03-26T00:00:00Z,Severe acute respiratory syndrome-related coronavirus,29857,USA,Homo sapiens,,2020-03-12
MT246456,2020-03-26T00:00:00Z,Severe acute respiratory syndrome-related coronavirus,29846,USA,Homo sapiens,,2020-03-13
MT246488,2020-03-26T00:00:00Z,Severe acute respiratory syndrome-related coronavirus,29842,USA,Homo sapiens,,2020-03-14
MT246489,2020-03-26T00:00:00Z,Severe acute respiratory syndrome-related coronavirus,29864,USA,Homo sapiens,,2020-03-14
MT246490,2020-03-26T00:00:00Z,Severe acute respiratory syndrome-related coronavirus,29850,USA,Homo sapiens,,2020-03-15
MT246667,2020-03-26T00:00:00Z,Severe acute respiratory syndrome-related coronavirus,29867,USA,Homo sapiens,oronasopharynx,2020-01-19
MT246476,2020-03-26T00:00:00Z,Severe acute respiratory syndrome-related coronavirus,29863,USA,Homo sapiens,,2020-03-13
MT246477,2020-03-26T00:00:00Z,Severe acute respiratory syndrome-related coronavirus,29886,USA,Homo sapiens,,2020-03-14
MT246478,2020-03-26T00:00:00Z,Severe acute respiratory syndrome-related coronavirus,29889,USA,Homo sapiens,,2020-03-14
MT246479,2020-03-26T00:00:00Z,Severe acute respiratory syndrome-related coronavirus,29828,USA,Homo sapiens,,2020-03-13
MT246480,2020-03-26T00:00:00Z,Severe acute respiratory syndrome-related coronavirus,29904,USA,Homo sapiens,,2020-03-13
MT246481,2020-03-26T00:00:00Z,Severe acute respiratory syndrome-related coronavirus,29873,USA,Homo sapiens,,2020-03-13
MT246463,2020-03-26T00:00:00Z,Severe acute respiratory syndrome-related coronavirus,29782,USA,Homo sapiens,,2020-03-13
MT246464,2020-03-26T00:00:00Z,Severe acute respiratory syndrome-related coronavirus,29818,USA,Homo sapiens,,2020-03-13
MT246466,2020-03-26T00:00:00Z,Severe acute respiratory syndrome-related coronavirus,29897,USA,Homo sapiens,,2020-03-13
MT246467,2020-03-26T00:00:00Z,Severe acute respiratory syndrome-related coronavirus,29899,USA,Homo sapiens,,2020-03-14
MT246459,2020-03-26T00:00:00Z,Severe acute respiratory syndrome-related coronavirus,29909,USA,Homo sapiens,,2020-03-12
MT246458,2020-03-26T00:00:00Z,Severe acute respiratory syndrome-related coronavirus,29765,USA,Homo sapiens,,2020-03-12
MT246461,2020-03-26T00:00:00Z,Severe acute respiratory syndrome-related coronavirus,29877,USA,Homo sapiens,,2020-03-13
MT240479,2020-03-25T00:00:00Z,Severe acute respiratory syndrome-related coronavirus,29836,Pakistan,Homo sapiens,oronasopharynx,2020-03-04
MT233522,2020-03-24T00:00:00Z,Severe acute respiratory syndrome-related coronavirus,29782,Spain,Homo sapiens,,2020-03-02
MT233519,2020-03-24T00:00:00Z,Severe acute respiratory syndrome-related coronavirus,29782,Spain,Homo sapiens,,2020-02-27
MT233523,2020-03-24T00:00:00Z,Severe acute respiratory syndrome-related coronavirus,29782,Spain,Homo sapiens,,2020-03-04
MT226610,2020-03-20T00:00:00Z,Severe acute respiratory syndrome-related coronavirus,29899,China,Homo sapiens,oronasopharynx,2020-01-20
MT198652,2020-03-17T00:00:00Z,Severe acute respiratory syndrome-related coronavirus,29782,Spain,Homo sapiens,lung,2020-03-05
MT192765,2020-03-16T00:00:00Z,Severe acute respiratory syndrome-related coronavirus,29829,USA,Homo sapiens,,2020-03-11
MT192759,2020-03-16T00:00:00Z,Severe acute respiratory syndrome-related coronavirus,29862,Taiwan,Homo sapiens,lung-oronasopharnyx,2020-01-25
MT192773,2020-03-16T00:00:00Z,Severe acute respiratory syndrome-related coronavirus,29890,VietNam,Homo sapiens,,2020-01-22
MT192772,2020-03-16T00:00:00Z,Severe acute respiratory syndrome-related coronavirus,29891,VietNam,Homo sapiens,,2020-01-22
MT188340,2020-03-13T00:00:00Z,Severe acute respiratory syndrome-related coronavirus,29845,USA,Homo sapiens,,2020-03-07
MT188339,2020-03-13T00:00:00Z,Severe acute respiratory syndrome-related coronavirus,29783,USA,Homo sapiens,,2020-03-09
MT188341,2020-03-13T00:00:00Z,Severe acute respiratory syndrome-related coronavirus,29835,USA,Homo sapiens,,2020-03-05
MT184911,2020-03-12T00:00:00Z,Severe acute respiratory syndrome-related coronavirus,29882,USA,Homo sapiens,oronasopharynx,2020-02-17
MT184913,2020-03-12T00:00:00Z,Severe acute respiratory syndrome-related coronavirus,29882,USA,Homo sapiens,oronasopharynx,2020-02-24
MT184910,2020-03-12T00:00:00Z,Severe acute respiratory syndrome-related coronavirus,29882,USA,Homo sapiens,oronasopharynx,2020-02-18
MT184907,2020-03-12T00:00:00Z,Severe acute respiratory syndrome-related coronavirus,29882,USA,Homo sapiens,oronasopharynx,2020-02-18
MT184912,2020-03-12T00:00:00Z,Severe acute respiratory syndrome-related coronavirus,29882,USA,Homo sapiens,oronasopharynx,2020-02-17
MT184908,2020-03-12T00:00:00Z,Severe acute respiratory syndrome-related coronavirus,29880,USA,Homo sapiens,oronasopharynx,2020-02-21
MT184909,2020-03-12T00:00:00Z,Severe acute respiratory syndrome-related coronavirus,29882,USA,Homo sapiens,oronasopharynx,2020-02-21
MT163719,2020-03-10T00:00:00Z,Severe acute respiratory syndrome-related coronavirus,29903,USA,Homo sapiens,,2020-03-01
MT163716,2020-03-10T00:00:00Z,Severe acute respiratory syndrome-related coronavirus,29903,USA,Homo sapiens,,2020-02-27
MT163717,2020-03-10T00:00:00Z,Severe acute respiratory syndrome-related coronavirus,29897,USA,Homo sapiens,,2020-02-28
MT163718,2020-03-10T00:00:00Z,Severe acute respiratory syndrome-related coronavirus,29903,USA,Homo sapiens,,2020-02-29
MT159708,2020-03-09T00:00:00Z,Severe acute respiratory syndrome-related coronavirus,29882,USA,Homo sapiens,oronasopharynx,2020-02-17
MT121215,2020-03-09T00:00:00Z,Severe acute respiratory syndrome-related coronavirus,29945,China,Homo sapiens,oronasopharynx,2020-02-02
MT159720,2020-03-09T00:00:00Z,Severe acute respiratory syndrome-related coronavirus,29882,USA,Homo sapiens,oronasopharynx,2020-02-21
MT159706,2020-03-09T00:00:00Z,Severe acute respiratory syndrome-related coronavirus,29882,USA,Homo sapiens,oronasopharynx,2020-02-17
MT159709,2020-03-09T00:00:00Z,Severe acute respiratory syndrome-related coronavirus,29882,USA,Homo sapiens,oronasopharynx,2020-02-20
MT159721,2020-03-09T00:00:00Z,Severe acute respiratory syndrome-related coronavirus,29882,USA,Homo sapiens,oronasopharynx,2020-02-21
MT066156,2020-03-09T00:00:00Z,Severe acute respiratory syndrome-related coronavirus,29867,Italy,Homo sapiens,lung-oronasopharnyx,2020-01-30
MT159707,2020-03-09T00:00:00Z,Severe acute respiratory syndrome-related coronavirus,29882,USA,Homo sapiens,oronasopharynx,2020-02-17
MT159711,2020-03-09T00:00:00Z,Severe acute respiratory syndrome-related coronavirus,29882,USA,Homo sapiens,oronasopharynx,2020-02-20
MT159713,2020-03-09T00:00:00Z,Severe acute respiratory syndrome-related coronavirus,29882,USA,Homo sapiens,oronasopharynx,2020-02-18
MT159718,2020-03-09T00:00:00Z,Severe acute respiratory syndrome-related coronavirus,29882,USA,Homo sapiens,oronasopharynx,2020-02-18
MT159712,2020-03-09T00:00:00Z,Severe acute respiratory syndrome-related coronavirus,29882,USA,Homo sapiens,oronasopharynx,2020-02-25
MT159719,2020-03-09T00:00:00Z,Severe acute respiratory syndrome-related coronavirus,29882,USA,Homo sapiens,oronasopharynx,2020-02-18
MT159717,2020-03-09T00:00:00Z,Severe acute respiratory syndrome-related coronavirus,29882,USA,Homo sapiens,oronasopharynx,2020-02-17
MT159715,2020-03-09T00:00:00Z,Severe acute respiratory syndrome-related coronavirus,29882,USA,Homo sapiens,oronasopharynx,2020-02-24
MT159716,2020-03-09T00:00:00Z,Severe acute respiratory syndrome-related coronavirus,29867,USA,Homo sapiens,oronasopharynx,2020-02-24
MT159722,2020-03-09T00:00:00Z,Severe acute respiratory syndrome-related coronavirus,29882,USA,Homo sapiens,oronasopharynx,2020-02-21
MT159705,2020-03-09T00:00:00Z,Severe acute respiratory syndrome-related coronavirus,29882,USA,Homo sapiens,oronasopharynx,2020-02-17
MT159710,2020-03-09T00:00:00Z,Severe acute respiratory syndrome-related coronavirus,29882,USA,Homo sapiens,oronasopharynx,2020-02-17
MT159714,2020-03-09T00:00:00Z,Severe acute respiratory syndrome-related coronavirus,29882,USA,Homo sapiens,oronasopharynx,2020-02-18
MT012098,2020-03-06T00:00:00Z,Severe acute respiratory syndrome-related coronavirus,29854,India,Homo sapiens,oronasopharynx,2020-01-27
MT050493,2020-03-06T00:00:00Z,Severe acute respiratory syndrome-related coronavirus,29851,India,Homo sapiens,oronasopharynx,2020-01-31
MT152824,2020-03-05T00:00:00Z,Severe acute respiratory syndrome-related coronavirus,29878,USA,Homo sapiens,,2020-02-24
MT135041,2020-03-04T00:00:00Z,Severe acute respiratory syndrome-related coronavirus,29903,China,Homo sapiens,,2020-01-26
MT135042,2020-03-04T00:00:00Z,Severe acute respiratory syndrome-related coronavirus,29903,China,Homo sapiens,,2020-01-28
MT135043,2020-03-04T00:00:00Z,Severe acute respiratory syndrome-related coronavirus,29903,China,Homo sapiens,,2020-01-28
MT135044,2020-03-04T00:00:00Z,Severe acute respiratory syndrome-related coronavirus,29903,China,Homo sapiens,,2020-01-28
MT126808,2020-03-02T00:00:00Z,Severe acute respiratory syndrome-related coronavirus,29876,Brazil,Homo sapiens,oronasopharynx,2020-02-28
MT123293,2020-02-28T00:00:00Z,Severe acute respiratory syndrome-related coronavirus,29871,China,Homo sapiens,feces,2020-01-29
MT123290,2020-02-28T00:00:00Z,Severe acute respiratory syndrome-related coronavirus,29891,China,Homo sapiens,oronasopharynx,2020-02-05
MT123291,2020-02-28T00:00:00Z,Severe acute respiratory syndrome-related coronavirus,29882,China,Homo sapiens,lung,2020-01-29
MT123292,2020-02-28T00:00:00Z,Severe acute respiratory syndrome-related coronavirus,29923,China,Homo sapiens,lung-oronasopharnyx,2020-01-27
MT118835,2020-02-27T00:00:00Z,Severe acute respiratory syndrome-related coronavirus,29882,USA,Homo sapiens,lung,2020-02-23
MT106053,2020-02-24T00:00:00Z,Severe acute respiratory syndrome-related coronavirus,29882,USA,Homo sapiens,oronasopharynx,2020-02-10
MT106052,2020-02-24T00:00:00Z,Severe acute respiratory syndrome-related coronavirus,29882,USA,Homo sapiens,oronasopharynx,2020-02-06
MT106054,2020-02-24T00:00:00Z,Severe acute respiratory syndrome-related coronavirus,29882,USA,Homo sapiens,lung-oronasopharnyx,2020-02-11
MT093571,2020-02-21T00:00:00Z,Severe acute respiratory syndrome-related coronavirus,29886,Sweden,Homo sapiens,,2020-02-07
MT093631,2020-02-21T00:00:00Z,Severe acute respiratory syndrome-related coronavirus,29860,China,Homo sapiens,oronasopharynx,2020-01-08
MT072688,2020-02-18T00:00:00Z,Severe acute respiratory syndrome-related coronavirus,29811,Nepal,Homo sapiens,oronasopharynx,2020-01-13
MT066175,2020-02-14T00:00:00Z,Severe acute respiratory syndrome-related coronavirus,29870,Taiwan,Homo sapiens,,2020-01-31
MT066176,2020-02-14T00:00:00Z,Severe acute respiratory syndrome-related coronavirus,29870,Taiwan,Homo sapiens,,2020-02-05
MT044258,2020-02-12T00:00:00Z,Severe acute respiratory syndrome-related coronavirus,29858,USA,Homo sapiens,oronasopharynx,2020-01-27
MT049951,2020-02-12T00:00:00Z,Severe acute respiratory syndrome-related coronavirus,29903,China,Homo sapiens,lung-oronasopharnyx,2020-01-17
MT044257,2020-02-12T00:00:00Z,Severe acute respiratory syndrome-related coronavirus,29882,USA,Homo sapiens,lung-oronasopharnyx,2020-01-28
MT039873,2020-02-11T00:00:00Z,Severe acute respiratory syndrome-related coronavirus,29833,China,Homo sapiens,lung-oronasopharnyx,2020-01-20
MT039887,2020-02-11T00:00:00Z,Severe acute respiratory syndrome-related coronavirus,29879,USA,Homo sapiens,oronasopharynx,2020-01-31
MT039888,2020-02-11T00:00:00Z,Severe acute respiratory syndrome-related coronavirus,29882,USA,Homo sapiens,oronasopharynx,2020-01-29
MT039890,2020-02-11T00:00:00Z,Severe acute respiratory syndrome-related coronavirus,29903,SouthKorea,Homo sapiens,,2020-01
MT027063,2020-02-07T00:00:00Z,Severe acute respiratory syndrome-related coronavirus,29882,USA,Homo sapiens,oronasopharynx,2020-01-29
MT027064,2020-02-07T00:00:00Z,Severe acute respiratory syndrome-related coronavirus,29882,USA,Homo sapiens,oronasopharynx,2020-01-29
MT027062,2020-02-07T00:00:00Z,Severe acute respiratory syndrome-related coronavirus,29882,USA,Homo sapiens,oronasopharynx,2020-01-29
MT020880,2020-02-05T00:00:00Z,Severe acute respiratory syndrome-related coronavirus,29882,USA,Homo sapiens,oronasopharynx,2020-01-25
MT019529,2020-02-05T00:00:00Z,Severe acute respiratory syndrome-related coronavirus,29899,China,Homo sapiens,lung,2019-12-23
MT019531,2020-02-05T00:00:00Z,Severe acute respiratory syndrome-related coronavirus,29899,China,Homo sapiens,lung,2019-12-30
MT019530,2020-02-05T00:00:00Z,Severe acute respiratory syndrome-related coronavirus,29889,China,Homo sapiens,lung,2019-12-30
MT019533,2020-02-05T00:00:00Z,Severe acute respiratory syndrome-related coronavirus,29883,China,Homo sapiens,lung,2020-01-01
MT019532,2020-02-05T00:00:00Z,Severe acute respiratory syndrome-related coronavirus,29890,China,Homo sapiens,lung,2019-12-30
MT020881,2020-02-05T00:00:00Z,Severe acute respiratory syndrome-related coronavirus,29882,USA,Homo sapiens,oronasopharynx,2020-01-25
MT007544,2020-01-31T00:00:00Z,Severe acute respiratory syndrome-related coronavirus,29893,Australia,Homo sapiens,,2020-01-25
MN996527,2020-01-29T00:00:00Z,Severe acute respiratory syndrome-related coronavirus,29825,China,Homo sapiens,lung,2019-12-30
MN996528,2020-01-29T00:00:00Z,Severe acute respiratory syndrome-related coronavirus,29891,China,Homo sapiens,lung,2019-12-30
MN996529,2020-01-29T00:00:00Z,Severe acute respiratory syndrome-related coronavirus,29852,China,Homo sapiens,lung,2019-12-30
MN996530,2020-01-29T00:00:00Z,Severe acute respiratory syndrome-related coronavirus,29854,China,Homo sapiens,lung,2019-12-30
MN996531,2020-01-29T00:00:00Z,Severe acute respiratory syndrome-related coronavirus,29857,China,Homo sapiens,lung,2019-12-30
MN994467,2020-01-28T00:00:00Z,Severe acute respiratory syndrome-related coronavirus,29882,USA,Homo sapiens,oronasopharynx,2020-01-23
MN988669,2020-01-28T00:00:00Z,Severe acute respiratory syndrome-related coronavirus,29881,China,Homo sapiens,,2020-01-02
MN994468,2020-01-28T00:00:00Z,Severe acute respiratory syndrome-related coronavirus,29883,USA,Homo sapiens,oronasopharynx,2020-01-22
MN997409,2020-01-28T00:00:00Z,Severe acute respiratory syndrome-related coronavirus,29882,USA,Homo sapiens,feces,2020-01-22
MN988668,2020-01-28T00:00:00Z,Severe acute respiratory syndrome-related coronavirus,29881,China,Homo sapiens,,2020-01-02
MN988713,2020-01-25T00:00:00Z,Severe acute respiratory syndrome-related coronavirus,29882,USA,Homo sapiens,lung-oronasopharnyx,2020-01-21
MN938384,2020-01-24T00:00:00Z,Severe acute respiratory syndrome-related coronavirus,29838,China,Homo sapiens,oronasopharynx,2020-01-10
MN975262,2020-01-24T00:00:00Z,Severe acute respiratory syndrome-related coronavirus,29891,China,Homo sapiens,lung-oronasopharnyx,2020-01-11
MN985325,2020-01-24T00:00:00Z,Severe acute respiratory syndrome-related coronavirus,29882,USA,Homo sapiens,oronasopharynx,2020-01-19
MN908947,2020-01-12T00:00:00Z,Severe acute respiratory syndrome-related coronavirus,29903,China,Homo sapiens,,2019-12
